<?xml version="1.0" encoding="utf-8"?>
<!-- this is used to allow the menu entry to be customised, and fields will appear on the "Basic" tab when editing the menu entry from the back end
    19/01/21 CB correct spelling of website
-->
<metadata>
    <layout title="Display an article from a remote site" option="View">
        <message>
            <![CDATA[Display an article from a remote website]]>  <!-- CDATA introduces "character data" that will not be parsed as XML -->
        </message>
    </layout>
    <config>
        <fields name="params">
            <fieldset name="basic">
                            <!-- Define your basic params for the view here
                                 They will appear as an "Options" tab when creating a front-end menu entry -->
                            <field name="page_intro"
                                   type="textarea"
                                   default=""
                                   label="Introduction (optional)"
                                   description="Any introductory text for the page"
/>
                            <field
                                name="site_id"
                                query="SELECT `id`, `url` FROM #__ra_api_sites ORDER BY `url`"
                                type="sql"
                                key_field="id"
                                value_field="url"
                                label="Site"
                                require="true"
                                description="Site from which the data is to be read">
                            </field>
                            <field name="id"
                                type="text"
                                default=""
                                label="id"
                                description="ID of the article to be displayed"
                            />
                            <field name="show_details" type="radio" default="Y" label="Display details of the origin">
                                <option value="Y">Yes</option>
                                <option value="N">No</option>
                            </field>
                            <field name="note3" type="note" label="For information about this component please visit: https://docs.stokeandnewcastleramblers.org.uk and read the Webmasters Guide"/>
            </fieldset>
        </fields>
    </config>
</metadata>
