<?xml version="1.0" encoding="utf-8"?>
<!-- this is used to allow the menu entry to be customised, and fields will appear on the "Basic" tab when editing the menu entry from the back end 
    19/01/21 CB correct spelling of website
-->
<metadata>
	<layout title="Walking programme for single day" option="View">
		<message>
			<![CDATA[Display a programme of walks for the specified day of the week]]>  <!-- CDATA introduces "character data" that will not be parsed as XML -->
		</message>
	</layout>
	<config>
		<fields name="params">
			<fieldset name="basic">
                            <!-- Define your basic params for the view here 
                                 They will appear as an "Options" tab when creating a front-end menu entry -->
                            <field name="note1" type="note" label="In the Component parameters for Ramblers Tools, two types of Group details are specified: choose which one to use"/>
                            <field name="intro" 
                                   type="editor" 
                                   filter="raw"
                                   label="Introduction (optional)" 
                                   default="This includes walks for ..." 
                                   description="Any introductory text for the page" />    
                            <field name="filter_type" 
                                type="radio" 
                                default="radius" 
                                label="Filter type">                          
                                <option value="radius">Filter by radius</option>
                                <option value="group">Filter by Group</option>
                            </field>
                            <field name="group_type" 
                                type="radio" default="list" 
                                label="Group type" 
                                showon="filter_type:group">
                                <option value="single">Use single Group</option>
                                <option value="list">Use the list of Groups</option>
                             </field>
                            <field name="group_type" type="radio" 
                                default="list" 
                                label="Group type"
                                showon="filter_type:group">
                                <option value="single">Use single Group</option>
                                <option value="list">Use the list of Groups</option>
                             </field>
                            <field name="radius" 
                                type="list" 
                                default="30" 
                                label="Search radius (miles)" 
                                showon="filter_type:radius">
                                <option value="0">0</option>
                                <option value="5">5</option>
                                <option value="10">10</option>
                                <option value="15">15</option>
                                <option value="20">20</option>
                                <option value="25">25</option>
                                <option value="30">30</option>
                                <option value="35">35</option>
                                <option value="40">40</option>
                                <option value="45">45</option>
                                <option value="50">50</option>
                                <option value="55">55</option>
                                <option value="60">60</option>
                                <option value="65">65</option>
                                <option value="70">70</option>
                                <option value="75">75</option>
                                <option value="80">80</option>
                                <option value="85">85</option>
                                <option value="90">90</option>
                                <option value="95">95</option>
                                <option value="100">100</option>
                             </field>
                            <field name="display_type" type="radio" default="simple" label="Type of display">
                                <option value="simple">Simple list (mobile friendly)</option>                            
                                <option value="map">Map of walks</option>
                                <option value="list">List of walks</option>
                                <option value="tabs">Full list (with tabs)</option> 
                            </field>                                                  
                            <field name="day" type="radio" default="Sunday" label="Day of the week">
                                <option value="Monday">Monday</option>
                                <option value="Tuesday">Tuesday</option>
                                <option value="Wednesday">Wednesday</option>
                                <option value="Thursday">Thursday</option>
                                <option value="Friday">Friday</option>
                                <option value="Saturday">Saturday</option>
                                <option value="Sunday">Sunday</option>
                            </field>
                            <field name="dayswitcher" type="radio" default="1" label="Show Day switcher">
                                <option value="1">Yes</option>
                                <option value="0">No</option>
                            </field>  
                            <field name="show_cancelled" type="radio" default="0" label="Include cancelled walks">
                                <option value="1">Yes</option>
                                <option value="0">No</option>
                            </field>                               
                            <field name="restrict_walks"
                                   type="radio"
                                   default="2"
                                   label="Restrict list of walks">
                                <option value="0">Show all walks</option>
                                <option value="2">Restrict by weeks</option>
                            </field>
                            <field name="limit"
                                   type="text"
                                   default="50"
                                   size="4"
                                   label="Max number to display (0=no limit)"
                                   description="Maximum number of walks to include in the display"
                                   showon="restrict_walks:1"
                            />
                            <field name="lookahead_weeks"
                                   type="text"
                                   default="12"
                                   size="3"
                                   label="Max weeks to display (0=no limit)"
                                   description="Maximum number of weeks to look ahead"
                                   showon="restrict_walks:2"
                            />     
                            <field name="show_criteria" type="radio" 
                                   default="2" 
                                   label="Show selection criteria">
                                <option value="2">Always</option>
                                <option value="1">Only when logged in</option>
                                <option value="0">Never</option>
                            </field>                                                    
                            <field name="note2" type="note" label="For information about this component please visit: https://docs.stokeandnewcastleramblers.org.uk and read the Webmasters Guide"/>
<!--
                            <field name="days" type="text" default="0" label="Look ahead days" description="Number of days">                            
                            <field name="icons" type="radio" default="1" label="Show grade icons">
                                <option value="1">Yes</option>
                                <option value="0">No</option>
                            </field--> 

			</fieldset>
		</fields>
	</config>
</metadata>


