<?xml version="1.0" encoding="utf-8"?>
<metadata>
    <layout title="Send email" option="View">
        <message>
                        <![CDATA[Send an email (expirimental only)]]>
        </message>
    </layout>
    <fields name="request">
        <fieldset 
            name="request"
            label="COM_RA_TOOLS_FIELDSET_ITEM_ID_SELECT_LABEL">
            <field name="note01" type="note" label="DEBUG only - should be called internally" />   
            <field
                name="id"
                query="SELECT `id`, `id` FROM #__ra_emails ORDER BY `id`"
                type="sql"
                key_field="id" 
                value_field="id"
                label="COM_RA_TOOLS_ITEM_ID_SELECT_LABEL"
                require="true"
                description="JGLOBAL_SHOW_TITLE_DESC">
            </field>
        </fieldset>
    </fields>
</metadata>
