<?xml version="1.0" encoding="utf-8"?>
<metadata>
	<layout title="List emails" option="View">
        <message>
                <![CDATA[Show list of Emails sent]]>
        </message>
        </layout>
    <config>
        <fields name="params">
            <fieldset name="basic">
                <field name="note1" type="note" label="This reveals details of email addresses,
                        and so should be visible only for SuperUsers"/>
            </fieldset>
        </fields>
    </config>	
</metadata>

